Workbook

Sheet Setup
A1: Picked blind taste panel: scoring workbook
A2: Yellow cells are inputs. Enter the codes before the panel; enter which code is Picked only after every sheet is typed in.
A4: Flavor tested | B4: Strawberry
A5: Date
A7: Product | B7: Cup code | C7: What it is (from the sealed key)
A8: A
A9: B
A10: C
A12: Which product letter is Picked?
A14: Ship rule
A15: Minimum average liking (1 to 9) | B15: 7
A16: Minimum share who would drink Picked again | B16: 0.5
A17: Picked must have the highest "tastes like real fruit" average | B17: Yes

Sheet Results
A1: Results
A3: Measure | B3: Product A | C3: Product B | D3: Product C
A4: Cup code | B4: =Setup!B8 | C4: =Setup!B9 | D4: =Setup!B10
A5: Tasters scored (liking) | B5: =COUNT(Scores!C4:C43) | C5: =COUNT(Scores!H4:H43) | D5: =COUNT(Scores!M4:M43)
A6: Average liking (1 to 9) | B6: =IFERROR(AVERAGE(Scores!C4:C43),"") | C6: =IFERROR(AVERAGE(Scores!H4:H43),"") | D6: =IFERROR(AVERAGE(Scores!M4:M43),"")
A7: Average "tastes like real fruit" (1 to 7) | B7: =IFERROR(AVERAGE(Scores!D4:D43),"") | C7: =IFERROR(AVERAGE(Scores!I4:I43),"") | D7: =IFERROR(AVERAGE(Scores!N4:N43),"")
A8: Average texture (1 to 9) | B8: =IFERROR(AVERAGE(Scores!G4:G43),"") | C8: =IFERROR(AVERAGE(Scores!L4:L43),"") | D8: =IFERROR(AVERAGE(Scores!Q4:Q43),"")
A9: Average aftertaste (5 = none or pleasant) | B9: =IFERROR(AVERAGE(Scores!F4:F43),"") | C9: =IFERROR(AVERAGE(Scores!K4:K43),"") | D9: =IFERROR(AVERAGE(Scores!P4:P43),"")
A10: Sweetness just right (score 3) | B10: =IFERROR(COUNTIF(Scores!E4:E43,3)/COUNT(Scores!E4:E43),"") | C10: =IFERROR(COUNTIF(Scores!J4:J43,3)/COUNT(Scores!J4:J43),"") | D10: =IFERROR(COUNTIF(Scores!O4:O43,3)/COUNT(Scores!O4:O43),"")
A11: Too sweet (4 or 5) | B11: =IFERROR(COUNTIF(Scores!E4:E43,">=4")/COUNT(Scores!E4:E43),"") | C11: =IFERROR(COUNTIF(Scores!J4:J43,">=4")/COUNT(Scores!J4:J43),"") | D11: =IFERROR(COUNTIF(Scores!O4:O43,">=4")/COUNT(Scores!O4:O43),"")
A12: Not sweet enough (1 or 2) | B12: =IFERROR(COUNTIF(Scores!E4:E43,"<=2")/COUNT(Scores!E4:E43),"") | C12: =IFERROR(COUNTIF(Scores!J4:J43,"<=2")/COUNT(Scores!J4:J43),"") | D12: =IFERROR(COUNTIF(Scores!O4:O43,"<=2")/COUNT(Scores!O4:O43),"")
A13: Would drink again (count) | B13: =COUNTIF(Scores!R4:R43,"A") | C13: =COUNTIF(Scores!R4:R43,"B") | D13: =COUNTIF(Scores!R4:R43,"C")
A14: Would drink again (share) | B14: =IFERROR(COUNTIF(Scores!R4:R43,"A")/COUNTA(Scores!R4:R43),"") | C14: =IFERROR(COUNTIF(Scores!R4:R43,"B")/COUNTA(Scores!R4:R43),"") | D14: =IFERROR(COUNTIF(Scores!R4:R43,"C")/COUNTA(Scores!R4:R43),"")
A17: Ship decision for Picked
A18: Picked is highest on "tastes like real fruit" | B18: =IF(Setup!B12="","enter Picked letter",IF(INDEX(B7:D7,MATCH(Setup!B12,{"A","B","C"},0))=MAX(B7:D7),"PASS","FAIL"))
A19: Picked average liking at or above the minimum | B19: =IF(Setup!B12="","enter Picked letter",IF(INDEX(B6:D6,MATCH(Setup!B12,{"A","B","C"},0))>=Setup!B15,"PASS","FAIL"))
A20: Share who would drink Picked again at or above the minimum | B20: =IF(Setup!B12="","enter Picked letter",IF(INDEX(B14:D14,MATCH(Setup!B12,{"A","B","C"},0))>=Setup!B16,"PASS","FAIL"))
A21: SHIP THIS FLAVOR? | B21: =IF(Setup!B12="","enter Picked letter",IF(AND(B18="PASS",B19="PASS",B20="PASS"),"SHIP","NOT YET: another round"))
A23: Not yet? Send the manufacturer the "What would you change" notes, the sweetness split, and the aftertaste score. Keep the paper sheets: they are the evidence behind any taste claim.

Sheet Scores
A1: Type one row per taster. Put each score under the product letter whose code was on that cup (see Setup). Leave blank if they skipped a question.
A2: Taster | B2: Protein habit | C2: Product A | H2: Product B | M2: Product C | R2: Drink again | S2: Notes
C3: Like (1-9) | D3: Fruit (1-7) | E3: Sweet (1-5) | F3: After (1-5) | G3: Texture (1-9) | H3: Like (1-9) | I3: Fruit (1-7) | J3: Sweet (1-5) | K3: After (1-5) | L3: Texture (1-9) | M3: Like (1-9) | N3: Fruit (1-7) | O3: Sweet (1-5) | P3: After (1-5) | Q3: Texture (1-9) | R3: Letter A, B or C
A4: 1
A5: 2
A6: 3
A7: 4
A8: 5
A9: 6
A10: 7
A11: 8
A12: 9
A13: 10
A14: 11
A15: 12
... A43: 40
